<?xml version="1.0" encoding="UTF-8"?>
<!-- Created with TexturePacker http://texturepacker.com-->
<!-- $TexturePacker:SmartUpdate:42fd36d205bae3dd547406853f2d56ed$ -->
<TextureAtlas imagePath="atlas.png">
    <SubTexture name="background" x="1" y="1" width="320" height="480"/>
    <SubTexture name="benchmark_object" x="466" y="932" width="32" height="32"/>
    <SubTexture name="brush" x="559" y="932" width="62" height="62" frameX="0" frameY="-1" frameWidth="64" frameHeight="64"/>
    <SubTexture name="button_back" x="342" y="965" width="88" height="41"/>
    <SubTexture name="button_big" x="171" y="970" width="127" height="42"/>
    <SubTexture name="button_medium" x="431" y="965" width="127" height="38"/>
    <SubTexture name="button_normal" x="338" y="932" width="127" height="32"/>
    <SubTexture name="button_square" x="299" y="970" width="42" height="42"/>
    <SubTexture name="flight_00" x="126" y="654" width="166" height="164" frameX="-41" frameY="-20" frameWidth="220" frameHeight="220"/>
    <SubTexture name="flight_01" x="230" y="482" width="166" height="160" frameX="-41" frameY="-23" frameWidth="220" frameHeight="220"/>
    <SubTexture name="flight_02" x="171" y="819" width="166" height="150" frameX="-41" frameY="-32" frameWidth="220" frameHeight="220"/>
    <SubTexture name="flight_03" x="460" y="1" width="192" height="142" frameX="-15" frameY="-37" frameWidth="220" frameHeight="220"/>
    <SubTexture name="flight_04" x="397" y="533" width="200" height="108" frameX="-8" frameY="-68" frameWidth="220" frameHeight="220"/>
    <SubTexture name="flight_05" x="397" y="394" width="166" height="138" frameX="-41" frameY="-67" frameWidth="220" frameHeight="220"/>
    <SubTexture name="flight_06" x="293" y="643" width="166" height="144" frameX="-41" frameY="-65" frameWidth="220" frameHeight="220"/>
    <SubTexture name="flight_07" x="460" y="253" width="166" height="140" frameX="-41" frameY="-66" frameWidth="220" frameHeight="220"/>
    <SubTexture name="flight_08" x="460" y="642" width="166" height="130" frameX="-41" frameY="-66" frameWidth="220" frameHeight="220"/>
    <SubTexture name="flight_09" x="564" y="394" width="166" height="130" frameX="-41" frameY="-68" frameWidth="220" frameHeight="220"/>
    <SubTexture name="flight_10" x="731" y="279" width="166" height="128" frameX="-41" frameY="-72" frameWidth="220" frameHeight="220"/>
    <SubTexture name="flight_11" x="731" y="408" width="166" height="126" frameX="-41" frameY="-74" frameWidth="220" frameHeight="220"/>
    <SubTexture name="flight_12" x="460" y="144" width="188" height="108" frameX="-19" frameY="-75" frameWidth="220" frameHeight="220"/>
    <SubTexture name="flight_13" x="659" y="144" width="200" height="134" frameX="-7" frameY="-49" frameWidth="220" frameHeight="220"/>
    <SubTexture name="logo" x="338" y="788" width="320" height="143"/>
    <SubTexture name="starling_front" x="1" y="654" width="124" height="170"/>
    <SubTexture name="starling_rocket" x="659" y="1" width="256" height="142"/>
    <SubTexture name="starling_round" x="1" y="825" width="169" height="167"/>
    <SubTexture name="starling_sheet" x="1" y="482" width="228" height="171"/>
</TextureAtlas>
