<?xml version="1.0" encoding="UTF-8"?>
<!-- Created with TexturePacker http://texturepacker.com-->
<!-- $TexturePacker:SmartUpdate:6e231a8a9cf34cd14d6a1a1c803224e2$ -->
<TextureAtlas imagePath="metalworks_desktop.png">
    <SubTexture name="background-disabled-skin" x="236" y="154" width="8" height="8"/>
    <SubTexture name="background-focused-skin" x="236" y="142" width="8" height="8"/>
    <SubTexture name="background-popup-skin" x="155" y="64" width="5" height="5"/>
    <SubTexture name="background-skin" x="191" y="163" width="8" height="8"/>
    <SubTexture name="button-back-disabled-skin" x="185" y="29" width="17" height="22"/>
    <SubTexture name="button-back-down-skin" x="231" y="3" width="17" height="22"/>
    <SubTexture name="button-back-up-skin" x="210" y="3" width="17" height="22"/>
    <SubTexture name="button-call-to-action-down-skin" x="3" y="224" width="7" height="22"/>
    <SubTexture name="button-call-to-action-up-skin" x="3" y="155" width="7" height="22"/>
    <SubTexture name="button-danger-down-skin" x="3" y="198" width="7" height="22"/>
    <SubTexture name="button-danger-up-skin" x="240" y="172" width="7" height="22"/>
    <SubTexture name="button-disabled-skin" x="229" y="172" width="7" height="22"/>
    <SubTexture name="button-down-skin" x="218" y="168" width="7" height="22"/>
    <SubTexture name="button-forward-disabled-skin" x="164" y="19" width="17" height="22"/>
    <SubTexture name="button-forward-down-skin" x="189" y="3" width="17" height="22"/>
    <SubTexture name="button-forward-up-skin" x="135" y="33" width="17" height="22"/>
    <SubTexture name="button-quiet-hover-skin" x="246" y="55" width="7" height="22"/>
    <SubTexture name="button-selected-disabled-skin" x="205" y="155" width="9" height="22"/>
    <SubTexture name="button-selected-up-skin" x="223" y="142" width="9" height="22"/>
    <SubTexture name="button-up-skin" x="246" y="29" width="7" height="22"/>
    <SubTexture name="callout-arrow-bottom-skin" x="135" y="17" width="20" height="12"/>
    <SubTexture name="callout-arrow-left-skin" x="181" y="99" width="12" height="20"/>
    <SubTexture name="callout-arrow-right-skin" x="203" y="93" width="12" height="20"/>
    <SubTexture name="callout-arrow-top-skin" x="165" y="3" width="20" height="12"/>
    <SubTexture name="check-disabled-icon" x="135" y="79" width="16" height="16"/>
    <SubTexture name="check-down-icon" x="164" y="65" width="16" height="16"/>
    <SubTexture name="check-selected-disabled-icon" x="184" y="55" width="16" height="16"/>
    <SubTexture name="check-selected-down-icon" x="226" y="49" width="16" height="16"/>
    <SubTexture name="check-selected-up-icon" x="206" y="49" width="16" height="16"/>
    <SubTexture name="check-up-icon" x="226" y="29" width="16" height="16"/>
    <SubTexture name="focus-indicator-skin" x="242" y="81" width="11" height="11"/>
    <SubTexture name="header-background-skin" x="3" y="71" width="128" height="64"/>
    <SubTexture name="header-popup-background-skin" x="3" y="3" width="128" height="64"/>
    <SubTexture name="horizontal-scroll-bar-decrement-button-disabled-icon" x="154" y="104" width="3" height="4"/>
    <SubTexture name="horizontal-scroll-bar-decrement-button-disabled-skin" x="135" y="123" width="12" height="12"/>
    <SubTexture name="horizontal-scroll-bar-decrement-button-down-skin" x="193" y="133" width="12" height="12"/>
    <SubTexture name="horizontal-scroll-bar-decrement-button-icon" x="155" y="96" width="3" height="4"/>
    <SubTexture name="horizontal-scroll-bar-decrement-button-up-skin" x="213" y="125" width="12" height="12"/>
    <SubTexture name="horizontal-scroll-bar-increment-button-disabled-icon" x="155" y="88" width="3" height="4"/>
    <SubTexture name="horizontal-scroll-bar-increment-button-disabled-skin" x="235" y="112" width="12" height="12"/>
    <SubTexture name="horizontal-scroll-bar-increment-button-down-skin" x="177" y="123" width="12" height="12"/>
    <SubTexture name="horizontal-scroll-bar-increment-button-icon" x="155" y="80" width="3" height="4"/>
    <SubTexture name="horizontal-scroll-bar-increment-button-up-skin" x="197" y="117" width="12" height="12"/>
    <SubTexture name="horizontal-simple-scroll-bar-thumb-skin" x="135" y="3" width="26" height="10"/>
    <SubTexture name="item-renderer-selected-background-skin" x="159" y="17" width="1" height="22"/>
    <SubTexture name="list-background-skin" x="165" y="149" width="8" height="8"/>
    <SubTexture name="page-indicator-normal-disabled-skin" x="177" y="153" width="10" height="10"/>
    <SubTexture name="page-indicator-normal-skin" x="191" y="149" width="10" height="10"/>
    <SubTexture name="page-indicator-selected-disabled-skin" x="209" y="141" width="10" height="10"/>
    <SubTexture name="page-indicator-selected-skin" x="243" y="128" width="10" height="10"/>
    <SubTexture name="picker-list-icon-disabled" x="165" y="137" width="8" height="8"/>
    <SubTexture name="picker-list-icon-selected" x="236" y="166" width="8" height="2" frameX="0" frameY="-3" frameWidth="8" frameHeight="8"/>
    <SubTexture name="picker-list-icon" x="165" y="125" width="8" height="8"/>
    <SubTexture name="radio-selected-disabled-icon" x="206" y="29" width="16" height="16"/>
    <SubTexture name="radio-selected-down-icon" x="135" y="59" width="16" height="16"/>
    <SubTexture name="radio-selected-up-icon" x="164" y="45" width="16" height="16"/>
    <SubTexture name="search-icon-disabled" x="229" y="128" width="10" height="10"/>
    <SubTexture name="search-icon" x="177" y="139" width="10" height="10"/>
    <SubTexture name="tab-disabled-skin" x="223" y="69" width="15" height="20"/>
    <SubTexture name="tab-down-skin" x="135" y="99" width="15" height="20"/>
    <SubTexture name="tab-selected-disabled-skin" x="162" y="85" width="15" height="20"/>
    <SubTexture name="tab-selected-skin" x="184" y="75" width="15" height="20"/>
    <SubTexture name="tab-up-skin" x="204" y="69" width="15" height="20"/>
    <SubTexture name="vertical-scroll-bar-decrement-button-disabled-icon" x="155" y="73" width="4" height="3"/>
    <SubTexture name="vertical-scroll-bar-decrement-button-disabled-skin" x="219" y="109" width="12" height="12"/>
    <SubTexture name="vertical-scroll-bar-decrement-button-down-skin" x="235" y="96" width="12" height="12"/>
    <SubTexture name="vertical-scroll-bar-decrement-button-icon" x="156" y="57" width="4" height="3"/>
    <SubTexture name="vertical-scroll-bar-decrement-button-up-skin" x="3" y="139" width="7" height="12"/>
    <SubTexture name="vertical-scroll-bar-increment-button-disabled-icon" x="156" y="50" width="4" height="3"/>
    <SubTexture name="vertical-scroll-bar-increment-button-disabled-skin" x="219" y="93" width="12" height="12"/>
    <SubTexture name="vertical-scroll-bar-increment-button-down-skin" x="161" y="109" width="12" height="12"/>
    <SubTexture name="vertical-scroll-bar-increment-button-icon" x="156" y="43" width="4" height="3"/>
    <SubTexture name="vertical-scroll-bar-increment-button-up-skin" x="3" y="181" width="7" height="12"/>
    <SubTexture name="vertical-simple-scroll-bar-thumb-skin" x="151" y="125" width="10" height="26"/>
</TextureAtlas>
